{
  "Nodes": [
    {
      "Name": "CPULittleClusterMaxFreq",
      "Path": "/sys/devices/system/cpu/cpu0/cpufreq/scaling_max_freq",
      "Values": [
        "9999999",
        "1612800",
        "1516800",
        "1209600"
      ],
      "DefaultIndex": 0,
      "ResetOnInit": true
    },
    {
      "Name": "CPULittleClusterMinFreq",
      "Path": "/sys/devices/system/cpu/cpu0/cpufreq/scaling_min_freq",
      "Values": [
        "9999999",
        "1612800",
        "1516800",
        "1324800",
        "1209600",
        "576000"
      ],
      "ResetOnInit": true
    },
    {
      "Name": "CPUBigClusterMaxFreq",
      "Path": "/sys/devices/system/cpu/cpu6/cpufreq/scaling_max_freq",
      "Values": [
        "9999999",
        "1996800",
        "1747200",
        "1536000",
        "1363200"
      ],
      "DefaultIndex": 0,
      "ResetOnInit": true
    },
    {
      "Name": "CPUBigClusterMinFreq",
      "Path": "/sys/devices/system/cpu/cpu6/cpufreq/scaling_min_freq",
      "Values": [
        "9999999",
        "1747200",
        "1536000",
        "1363200",
        "1132800",
        "825600"
      ],
      "ResetOnInit": true
    },
    {
      "Name": "GPUMaxFreq",
      "Path": "/sys/class/kgsl/kgsl-3d0/devfreq/max_freq",
      "Values": [
        "430000000",
        "355000000",
        "267000000",
        "180000000"
      ],
      "DefaultIndex": 0,
      "ResetOnInit": true
    },
    {
      "Name": "GPUMinFreq",
      "Path": "/sys/class/kgsl/kgsl-3d0/devfreq/min_freq",
      "Values": [
        "430000000",
        "355000000",
        "267000000",
        "180000000"
      ],
      "ResetOnInit": true
    },
    {
      "Name": "GPUBusMinFreq",
      "Path": "/sys/class/devfreq/soc:qcom,gpubw/min_freq",
      "Values": [
        "6881",
        "5931",
        "0"
      ],
      "ResetOnInit": true
    },
    {
      "Name": "GPUForceRailOn",
      "Path": "/sys/class/kgsl/kgsl-3d0/force_rail_on",
      "Values": [
        "1",
        "0"
      ],
      "ResetOnInit": true
    },
    {
      "Name": "GPUForceClkOn",
      "Path": "/sys/class/kgsl/kgsl-3d0/force_clk_on",
      "Values": [
        "1",
        "0"
      ],
      "ResetOnInit": true
    },
    {
      "Name": "GPUIdleTimer",
      "Path": "/sys/class/kgsl/kgsl-3d0/idle_timer",
      "Values": [
        "10000",
        "80"
      ],
      "ResetOnInit": true
    },
    {
      "Name": "TASchedtuneBoost",
      "Path": "/dev/stune/top-app/schedtune.boost",
      "Values": [
        "10",
        "5"
      ],
      "ResetOnInit": true
    },
    {
      "Name": "CPUBWHystTriggerCount",
      "Path": "/sys/class/devfreq/soc:qcom,cpubw/bw_hwmon/hyst_trigger_count",
      "Values": [
        "0",
        "3"
      ]
    },
    {
      "Name": "CPUBWHistMemory",
      "Path": "/sys/class/devfreq/soc:qcom,cpubw/bw_hwmon/hist_memory",
      "Values": [
        "0",
        "20"
      ]
    },
    {
      "Name": "CPUBWHystLength",
      "Path": "/sys/class/devfreq/soc:qcom,cpubw/bw_hwmon/hyst_length",
      "Values": [
        "0",
        "10"
      ]
    },
    {
      "Name": "CPUBWMinFreq",
      "Path": "/sys/class/devfreq/soc:qcom,cpubw/min_freq",
      "Values": [
        "6881",
        "5161",
        "2929",
        "2086",
        "1144",
        "381"
      ],
      "ResetOnInit": true
    },
    {
      "Name": "L3LittleClusterMinFreq",
      "Path": "/sys/class/devfreq/soc:qcom,l3-cpu0/min_freq",
      "Values": [
        "1440000000",
        "300000000"
      ],
      "ResetOnInit": true
    },
    {
      "Name": "L3BigClusterMinFreq",
      "Path": "/sys/class/devfreq/soc:qcom,l3-cpu6/min_freq",
      "Values": [
        "1440000000",
        "300000000"
      ],
      "ResetOnInit": true
    },
    {
      "Name": "PMQoSCpuDmaLatency",
      "Path": "/dev/cpu_dma_latency",
      "Values": [
        "67",
        "100"
      ],
      "HoldFd": true
    },
    {
      "Name": "ForegroundCpuset",
      "Path": "/dev/cpuset/foreground/cpus",
      "Values": [
        "0-5",
        "0-5,7"
      ],
      "ResetOnInit": true
    },
    {
      "Name": "SchedBoost",
      "Path": "/proc/sys/kernel/sched_boost",
      "Values": [
        "1",
        "0"
      ],
      "ResetOnInit": true
    },
    {
      "Name": "PowerHALMainState",
      "Path": "vendor.powerhal.state",
      "Values": [
        "CAMERA_STREAMING",
        "CAMERA_STREAMING_1080P",
        "CAMERA_STREAMING_4K",
        "SUSTAINED_PERFORMANCE",
        ""
      ],
      "Type": "Property"
    },
    {
      "Name": "PowerHALAudioState",
      "Path": "vendor.powerhal.audio",
      "Values": [
        "AUDIO_LOW_LATENCY",
        ""
      ],
      "Type": "Property"
    },
    {
      "Name": "PowerHALRenderingState",
      "Path": "vendor.powerhal.rendering",
      "Values": [
        "EXPENSIVE_RENDERING",
        ""
      ],
      "Type": "Property"
    }
  ],
  "Actions": [
    {
      "PowerHint": "SUSTAINED_PERFORMANCE",
      "Node": "CPUBigClusterMaxFreq",
      "Duration": 0,
      "Value": "1363200"
    },
    {
      "PowerHint": "SUSTAINED_PERFORMANCE",
      "Node": "PowerHALMainState",
      "Duration": 0,
      "Value": "SUSTAINED_PERFORMANCE"
    },
    {
      "PowerHint": "SUSTAINED_PERFORMANCE",
      "Node": "CPULittleClusterMaxFreq",
      "Duration": 0,
      "Value": "1209600"
    },
    {
      "PowerHint": "SUSTAINED_PERFORMANCE",
      "Node": "GPUMaxFreq",
      "Duration": 0,
      "Value": "355000000"
    },
    {
      "PowerHint": "INTERACTION",
      "Node": "CPUBigClusterMinFreq",
      "Duration": 0,
      "Value": "825600"
    },
    {
      "PowerHint": "INTERACTION",
      "Node": "CPULittleClusterMinFreq",
      "Duration": 0,
      "Value": "576000"
    },
    {
      "PowerHint": "INTERACTION",
      "Node": "TASchedtuneBoost",
      "Duration": 0,
      "Value": "10"
    },
    {
      "PowerHint": "INTERACTION",
      "Node": "CPUBWHystTriggerCount",
      "Duration": 0,
      "Value": "0"
    },
    {
      "PowerHint": "INTERACTION",
      "Node": "CPUBWHystLength",
      "Duration": 0,
      "Value": "0"
    },
    {
      "PowerHint": "INTERACTION",
      "Node": "CPUBWHistMemory",
      "Duration": 0,
      "Value": "0"
    },
    {
      "PowerHint": "INTERACTION",
      "Node": "CPUBWMinFreq",
      "Duration": 0,
      "Value": "5161"
    },
    {
      "PowerHint": "LAUNCH",
      "Node": "ForegroundCpuset",
      "Duration": 5000,
      "Value": "0-5"
    },
    {
      "PowerHint": "LAUNCH",
      "Node": "SchedBoost",
      "Duration": 3000,
      "Value": "1"
    },
    {
      "PowerHint": "LAUNCH",
      "Node": "CPUBigClusterMaxFreq",
      "Duration": 3000,
      "Value": "9999999"
    },
    {
      "PowerHint": "LAUNCH",
      "Node": "CPUBigClusterMinFreq",
      "Duration": 3000,
      "Value": "9999999"
    },
    {
      "PowerHint": "LAUNCH",
      "Node": "CPULittleClusterMinFreq",
      "Duration": 3000,
      "Value": "9999999"
    },
    {
      "PowerHint": "LAUNCH",
      "Node": "PMQoSCpuDmaLatency",
      "Duration": 3000,
      "Value": "67"
    },
    {
      "PowerHint": "LAUNCH",
      "Node": "CPUBWHystTriggerCount",
      "Duration": 3000,
      "Value": "0"
    },
    {
      "PowerHint": "LAUNCH",
      "Node": "CPUBWHystLength",
      "Duration": 3000,
      "Value": "0"
    },
    {
      "PowerHint": "LAUNCH",
      "Node": "CPUBWHistMemory",
      "Duration": 3000,
      "Value": "0"
    },
    {
      "PowerHint": "LAUNCH",
      "Node": "CPUBWMinFreq",
      "Duration": 3000,
      "Value": "6881"
    },
    {
      "PowerHint": "LAUNCH",
      "Node": "GPUForceClkOn",
      "Duration": 3000,
      "Value": "1"
    },
    {
      "PowerHint": "LAUNCH",
      "Node": "GPUForceRailOn",
      "Duration": 3000,
      "Value": "1"
    },
    {
      "PowerHint": "LAUNCH",
      "Node": "GPUIdleTimer",
      "Duration": 3000,
      "Value": "10000"
    },
    {
      "PowerHint": "LAUNCH",
      "Node": "L3LittleClusterMinFreq",
      "Duration": 3000,
      "Value": "1440000000"
    },
    {
      "PowerHint": "LAUNCH",
      "Node": "L3BigClusterMinFreq",
      "Duration": 3000,
      "Value": "1440000000"
    },
    {
      "PowerHint": "CAMERA_LAUNCH",
      "Node": "CPUBigClusterMaxFreq",
      "Duration": 1000,
      "Value": "9999999"
    },
    {
      "PowerHint": "CAMERA_LAUNCH",
      "Node": "CPUBigClusterMinFreq",
      "Duration": 1000,
      "Value": "9999999"
    },
    {
      "PowerHint": "CAMERA_LAUNCH",
      "Node": "CPULittleClusterMaxFreq",
      "Duration": 1000,
      "Value": "9999999"
    },
    {
      "PowerHint": "CAMERA_LAUNCH",
      "Node": "CPULittleClusterMinFreq",
      "Duration": 1000,
      "Value": "9999999"
    },
    {
      "PowerHint": "CAMERA_LAUNCH",
      "Node": "PMQoSCpuDmaLatency",
      "Duration": 1000,
      "Value": "67"
    },
    {
      "PowerHint": "CAMERA_STREAMING",
      "Node": "PowerHALMainState",
      "Duration": 0,
      "Value": "CAMERA_STREAMING"
    },
    {
      "PowerHint": "CAMERA_STREAMING",
      "Node": "CPUBigClusterMaxFreq",
      "Duration": 0,
      "Value": "1996800"
    },
    {
      "PowerHint": "CAMERA_STREAMING_1080P",
      "Node": "PowerHALMainState",
      "Duration": 0,
      "Value": "CAMERA_STREAMING_1080P"
    },
    {
      "PowerHint": "CAMERA_STREAMING_1080P",
      "Node": "CPUBigClusterMaxFreq",
      "Duration": 0,
      "Value": "1996800"
    },
    {
      "PowerHint": "CAMERA_STREAMING_1080P",
      "Node": "GPUMinFreq",
      "Duration": 0,
      "Value": "430000000"
    },
    {
      "PowerHint": "CAMERA_STREAMING_1080P",
      "Node": "GPUMaxFreq",
      "Duration": 0,
      "Value": "430000000"
    },
    {
      "PowerHint": "CAMERA_STREAMING_4K",
      "Node": "PowerHALMainState",
      "Duration": 0,
      "Value": "CAMERA_STREAMING_4K"
    },
    {
      "PowerHint": "CAMERA_STREAMING_4K",
      "Node": "CPUBigClusterMaxFreq",
      "Duration": 0,
      "Value": "1996800"
    },
    {
      "PowerHint": "CAMERA_SHOT",
      "Node": "CPUBigClusterMaxFreq",
      "Duration": 1000,
      "Value": "9999999"
    },
    {
      "PowerHint": "CAMERA_SHOT",
      "Node": "CPUBigClusterMinFreq",
      "Duration": 1000,
      "Value": "9999999"
    },
    {
      "PowerHint": "CAMERA_SHOT",
      "Node": "CPULittleClusterMaxFreq",
      "Duration": 1000,
      "Value": "9999999"
    },
    {
      "PowerHint": "CAMERA_SHOT",
      "Node": "CPULittleClusterMinFreq",
      "Duration": 1000,
      "Value": "9999999"
    },
    {
      "PowerHint": "CAMERA_SHOT",
      "Node": "PMQoSCpuDmaLatency",
      "Duration": 1000,
      "Value": "67"
    },
    {
      "PowerHint": "AUDIO_STREAMING",
      "Node": "CPUBigClusterMinFreq",
      "Duration": 2000,
      "Value": "1363200"
    },
    {
      "PowerHint": "AUDIO_STREAMING",
      "Node": "PMQoSCpuDmaLatency",
      "Duration": 2000,
      "Value": "67"
    },
    {
      "PowerHint": "AUDIO_LOW_LATENCY",
      "Node": "PowerHALAudioState",
      "Duration": 0,
      "Value": "AUDIO_LOW_LATENCY"
    },
    {
      "PowerHint": "AUDIO_LOW_LATENCY",
      "Node": "PMQoSCpuDmaLatency",
      "Duration": 0,
      "Value": "67"
    },
    {
      "PowerHint": "EXPENSIVE_RENDERING",
      "Node": "PowerHALRenderingState",
      "Duration": 0,
      "Value": "EXPENSIVE_RENDERING"
    },
    {
      "PowerHint": "EXPENSIVE_RENDERING",
      "Node": "GPUMinFreq",
      "Duration": 0,
      "Value": "355000000"
    },
    {
      "PowerHint": "EXPENSIVE_RENDERING",
      "Node": "GPUMaxFreq",
      "Duration": 0,
      "Value": "430000000"
    }
  ]
}
