<manifest version="1.0" type="framework">
    <hal format="hidl">
        <name>android.hardware.power.stats</name>
        <transport>hwbinder</transport>
        <version>1.0</version>
        <interface>
            <name>IPowerStats</name>
            <instance>default</instance>
        </interface>
    </hal>
    <hal format="hidl">
        <name>vendor.lineage.livedisplay</name>
        <transport>hwbinder</transport>
        <version>2.0</version>
        <interface>
            <name>IPictureAdjustment</name>
            <instance>default</instance>
        </interface>
    </hal>
</manifest>
